date,equity_event,equity_vector,rel_diff
2008-01-02,1000000.0,1000000.0,0.0
2008-01-03,1016317.7949846829,1016317.7949846829,0.0
2008-01-04,1021805.7949846829,1021805.7949846829,0.0
2008-01-07,1037930.7949846829,1037930.7949846829,0.0
2008-01-08,1015307.7949846829,1015307.7949846829,0.0
2008-01-09,1044033.7949846829,1044033.7949846829,0.0
2008-01-10,1052734.794984683,1052734.794984683,0.0
2008-01-11,1054484.794984683,1054484.794984683,0.0
2008-01-14,1066916.794984683,1066916.794984683,0.0
2008-01-15,1078878.794984683,1078878.794984683,0.0
2008-01-16,1057305.794984683,1057305.794984683,0.0
2008-01-17,1035130.7949846829,1035130.7949846829,0.0
2008-01-18,1042450.7949846829,1042450.7949846829,0.0
2008-01-21,1011233.7949846829,1011233.7949846829,0.0
2008-01-22,936654.7949846829,936654.7949846829,0.0
2008-01-23,970932.7949846829,970932.7949846829,0.0
2008-01-24,1004266.7949846829,1004266.7949846829,0.0
2008-01-25,1008389.7949846829,1008389.7949846829,0.0
2008-01-28,954321.7949846829,954321.7949846829,0.0
2008-01-29,964608.7949846829,964608.7949846829,0.0
2008-01-30,963219.7949846829,963219.7949846829,0.0
2008-01-31,936320.5268038375,936320.5268038375,0.0
2008-02-01,892377.5268038375,892377.5268038375,0.0
2008-02-04,959136.5268038375,959136.5268038375,0.0
2008-02-05,958713.5268038375,958713.5268038375,0.0
2008-02-13,958398.5268038375,958398.5268038375,0.0
2008-02-14,979390.5268038375,979390.5268038375,0.0
2008-02-15,967374.5268038375,967374.5268038375,0.0
2008-02-18,992246.5268038375,992246.5268038375,0.0
2008-02-19,1010400.5268038375,1010400.5268038375,0.0
2008-02-20,1000525.5268038375,1000525.5268038375,0.0
2008-02-21,1012234.5268038375,1012234.5268038375,0.0
2008-02-22,995727.5268038375,995727.5268038375,0.0
2008-02-25,966572.5268038375,966572.5268038375,0.0
2008-02-26,974498.5268038375,974498.5268038375,0.0
2008-02-27,999158.5268038375,999158.5268038375,0.0
2008-02-28,997383.5268038375,997383.5268038375,0.0
2008-02-29,1012104.5268038375,1012104.5268038375,0.0
2008-03-03,1042473.5268038375,1042473.5268038375,0.0
2008-03-04,1039279.5268038375,1039279.5268038375,0.0
2008-03-05,1045433.5268038375,1045433.5268038375,0.0
2008-03-06,1051583.4477740682,1051583.4477740682,0.0
2008-03-07,1044055.4477740681,1044055.4477740681,0.0
2008-03-10,1018998.4477740681,1018998.4477740681,0.0
2008-03-11,1026148.4477740681,1026148.4477740681,0.0
2008-03-12,1005987.4477740681,1005987.4477740681,0.0
2008-03-13,967848.4477740681,967848.4477740681,0.0
2008-03-14,956133.4477740681,956133.4477740681,0.0
2008-03-17,899644.4477740681,899644.4477740681,0.0
2008-03-18,842901.4477740681,842901.4477740681,0.0
2008-03-19,872149.4477740681,872149.4477740681,0.0
2008-03-20,897515.4477740681,897515.4477740681,0.0
2008-03-21,905745.4477740681,905745.4477740681,0.0
2008-03-24,883800.4477740681,883800.4477740681,0.0
2008-03-25,890051.4477740681,890051.4477740681,0.0
2008-03-26,892723.4477740681,892723.4477740681,0.0
2008-03-27,858179.4477740681,858179.4477740681,0.0
2008-03-28,884060.8477740681,884060.8477740681,0.0
2008-03-31,853936.2077740681,853936.2077740681,0.0
2008-04-01,795467.3077740682,795467.3077740682,0.0
2008-04-02,763026.7677740682,763026.7677740682,0.0
2008-04-03,780275.1772510727,780275.1772510727,0.0
2008-04-07,835295.1772510727,835295.1772510727,0.0
2008-04-08,860843.1772510727,860843.1772510727,0.0
2008-04-09,813138.3772510727,813138.3772510727,0.0
2008-04-10,842281.5272510727,842281.5272510727,0.0
2008-04-11,858670.2772510728,858670.2772510728,0.0
2008-04-14,806073.1472510728,806073.1472510728,0.0
2008-04-15,838829.1772510728,838829.1772510728,0.0
2008-04-16,818447.2072510729,818447.2072510729,0.0
2008-04-17,794905.6272510728,794905.6272510728,0.0
2008-04-18,759831.3572510728,759831.3572510728,0.0
2008-04-21,759843.1772510728,759843.1772510728,0.0
2008-04-22,748682.6372510728,748682.6372510728,0.0
2008-04-23,781752.3372510727,781752.3372510727,0.0
2008-04-24,852302.8272510727,852302.8272510727,0.0
2008-04-25,862956.0072510728,862956.0072510728,0.0
2008-04-28,862716.0272510728,862716.0272510728,0.0
2008-04-29,872633.5472510727,872633.5472510727,0.0
2008-04-30,900203.3272510729,900203.3272510729,0.0
2008-05-05,930529.5672510728,930529.5672510728,0.0
2008-05-06,924498.6003272609,924498.6003272609,0.0
2008-05-07,889245.0803272609,889245.0803272609,0.0
2008-05-08,914538.5203272608,914538.5203272608,0.0
2008-05-09,907175.8803272608,907175.8803272608,0.0
2008-05-12,911475.9603272609,911475.9603272609,0.0
2008-05-13,919565.2003272609,919565.2003272609,0.0
2008-05-14,944850.2003272609,944850.2003272609,0.0
2008-05-15,942172.6503272608,942172.6503272608,0.0
2008-05-16,929421.9603272608,929421.9603272608,0.0
2008-05-19,932879.0203272608,932879.0203272608,0.0
2008-05-20,895344.1403272608,895344.1403272608,0.0
2008-05-21,916895.3203272609,916895.3203272609,0.0
2008-05-22,913551.9803272608,913551.9803272608,0.0
2008-05-23,903309.0003272608,903309.0003272608,0.0
2008-05-26,874275.7203272608,874275.7203272608,0.0
2008-05-27,872879.5903272608,872879.5903272608,0.0
2008-05-28,889561.0003272608,889561.0003272608,0.0
2008-05-29,872406.6003272608,872406.6003272608,0.0
2008-05-30,876506.3903272608,876506.3903272608,0.0
2008-06-02,881926.9703272608,881926.9703272608,0.0
2008-06-03,875569.6439598136,875569.6439598136,0.0
2008-06-04,861057.7139598136,861057.7139598136,0.0
2008-06-05,861571.8339598136,861571.8339598136,0.0
2008-06-06,862406.0739598136,862406.0739598136,0.0
2008-06-10,795014.6639598135,795014.6639598135,0.0
2008-06-11,774654.2539598136,774654.2539598136,0.0
2008-06-12,766769.2139598136,766769.2139598136,0.0
2008-06-13,732048.1039598136,732048.1039598136,0.0
2008-06-16,711785.9639598136,711785.9639598136,0.0
2008-06-17,674190.0239598136,674190.0239598136,0.0
2008-06-18,707323.3539598136,707323.3539598136,0.0
2008-06-19,651042.6539598136,651042.6539598136,0.0
2008-06-20,660080.0239598135,660080.0239598135,0.0
2008-06-23,644176.3739598135,644176.3739598135,0.0
2008-06-24,658784.5939598136,658784.5939598136,0.0
2008-06-25,699704.2139598136,699704.2139598136,0.0
2008-06-26,710817.9039598135,710817.9039598135,0.0
2008-06-27,659853.5039598135,659853.5039598135,0.0
2008-06-30,662490.8739598135,662490.8739598135,0.0
2008-07-01,648298.3439598136,648298.3439598136,0.0
2008-07-02,658998.3252338602,658998.3252338602,0.0
2008-07-03,689872.9952338602,689872.9952338602,0.0
2008-07-04,694731.7852338601,694731.7852338601,0.0
2008-07-07,729946.5152338601,729946.5152338601,0.0
2008-07-08,742359.7952338601,742359.7952338601,0.0
2008-07-09,763842.9152338601,763842.9152338601,0.0
2008-07-10,749610.0652338602,749610.0652338602,0.0
2008-07-11,745287.2952338601,745287.2952338601,0.0
2008-07-14,768583.1752338602,768583.1752338602,0.0
2008-07-15,746990.6252338602,746990.6252338602,0.0
2008-07-16,708511.9352338602,708511.9352338602,0.0
2008-07-17,700931.4652338602,700931.4652338602,0.0
2008-07-18,723703.1552338601,723703.1552338601,0.0
2008-07-21,750804.3652338601,750804.3652338601,0.0
2008-07-22,754104.8152338602,754104.8152338602,0.0
2008-07-23,751002.2952338601,751002.2952338601,0.0
2008-07-24,768149.7752338601,768149.7752338601,0.0
2008-07-25,765708.2952338601,765708.2952338601,0.0
2008-07-28,778105.7052338601,778105.7052338601,0.0
2008-07-29,769119.2152338601,769119.2152338601,0.0
2008-07-30,767265.2739260085,767265.2739260085,0.0
2008-07-31,743473.5439260085,743473.5439260085,0.0
2008-08-01,747251.9939260086,747251.9939260086,0.0
2008-08-04,736976.6839260085,736976.6839260085,0.0
2008-08-05,718761.3039260085,718761.3039260085,0.0
2008-08-06,719233.3739260086,719233.3739260086,0.0
2008-08-07,721600.2539260086,721600.2539260086,0.0
2008-08-08,678412.8139260085,678412.8139260085,0.0
2008-08-11,633535.3139260085,633535.3139260085,0.0
2008-08-12,625203.9639260086,625203.9639260086,0.0
2008-08-13,627436.7839260085,627436.7839260085,0.0
2008-08-14,630637.5039260086,630637.5039260086,0.0
2008-08-15,631723.9939260086,631723.9939260086,0.0
2008-08-18,593278.2839260085,593278.2839260085,0.0
2008-08-19,602414.2239260086,602414.2239260086,0.0
2008-08-20,642682.2539260086,642682.2539260086,0.0
2008-08-21,620652.4939260086,620652.4939260086,0.0
2008-08-22,607324.0939260086,607324.0939260086,0.0
2008-08-25,602212.1039260086,602212.1039260086,0.0
2008-08-26,573354.4939260086,573354.4939260086,0.0
2008-08-27,570610.4364517692,570610.4364517692,0.0
2008-08-28,576220.5564517693,576220.5564517693,0.0
2008-08-29,591465.2364517692,591465.2364517692,0.0
2008-09-01,571271.4764517692,571271.4764517692,0.0
2008-09-02,576642.5364517693,576642.5364517693,0.0
2008-09-03,577755.2164517692,577755.2164517692,0.0
2008-09-04,582006.4364517693,582006.4364517693,0.0
2008-09-05,552066.9564517692,552066.9564517692,0.0
2008-09-08,521112.7564517693,521112.7564517693,0.0
2008-09-09,524574.1164517693,524574.1164517693,0.0
2008-09-10,525834.5564517693,525834.5564517693,0.0
2008-09-11,520154.45645176934,520154.45645176934,0.0
2008-09-12,524035.89645176934,524035.89645176934,0.0
2008-09-16,510581.2164517693,510581.2164517693,0.0
2008-09-17,499381.6764517693,499381.6764517693,0.0
2008-09-18,486569.8364517693,486569.8364517693,0.0
2008-09-19,532125.9964517694,532125.9964517694,0.0
2008-09-22,558874.5964517694,558874.5964517694,0.0
2008-09-23,521065.6364517693,521065.6364517693,0.0
2008-09-24,533888.4164517693,533888.4164517693,0.0
2008-09-25,548276.3874460119,548276.3874460119,0.0
2008-09-26,553410.0274460119,553410.0274460119,0.0
2008-10-06,534266.3874460119,534266.3874460119,0.0
2008-10-07,532250.0274460119,532250.0274460119,0.0
2008-10-08,519648.99744601187,519648.99744601187,0.0
2008-10-09,513593.48744601186,513593.48744601186,0.0
2008-10-10,481657.1974460119,481657.1974460119,0.0
2008-10-13,486472.04744601186,486472.04744601186,0.0
2008-10-14,474367.64744601183,474367.64744601183,0.0
2008-10-15,468845.41744601185,468845.41744601185,0.0
2008-10-16,446755.02744601184,446755.02744601184,0.0
2008-10-17,451462.92744601186,451462.92744601186,0.0
2008-10-20,464022.2674460118,464022.2674460118,0.0
2008-10-21,462893.66744601185,462893.66744601185,0.0
2008-10-22,457839.67744601186,457839.67744601186,0.0
2008-10-23,460435.8174460119,460435.8174460119,0.0
2008-10-24,455072.92744601186,455072.92744601186,0.0
2008-10-27,423375.86744601186,423375.86744601186,0.0
2008-10-28,430847.08744601184,430847.08744601184,0.0
2008-10-29,423038.7074460119,423038.7074460119,0.0
2008-10-30,426999.7746399951,426999.7746399951,0.0
2008-10-31,421471.4546399951,421471.4546399951,0.0
2008-11-03,418639.31463999517,418639.31463999517,0.0
2008-11-04,408109.3946399951,408109.3946399951,0.0
2008-11-05,421365.73463999515,421365.73463999515,0.0
2008-11-06,415870.0146399951,415870.0146399951,0.0
2008-11-07,423604.49463999516,423604.49463999516,0.0
2008-11-10,452599.6946399951,452599.6946399951,0.0
2008-11-11,450348.59463999514,450348.59463999514,0.0
2008-11-12,461757.85463999514,461757.85463999514,0.0
2008-11-13,481068.6946399951,481068.6946399951,0.0
2008-11-14,502526.4546399951,502526.4546399951,0.0
2008-11-17,525613.1946399951,525613.1946399951,0.0
2008-11-18,486739.3346399951,486739.3346399951,0.0
2008-11-19,519180.49463999516,519180.49463999516,0.0
2008-11-20,523484.11463999515,523484.11463999515,0.0
2008-11-21,511978.47463999514,511978.47463999514,0.0
2008-11-24,491793.1946399951,491793.1946399951,0.0
2008-11-25,487253.7546399951,487253.7546399951,0.0
2008-11-26,487733.15463999513,487733.15463999513,0.0
2008-11-27,498841.0340616088,498841.0340616088,0.0
2008-11-28,493481.95406160876,493481.95406160876,0.0
