label,factors,n,every,gross,history,cost_multiplier,impact_coef,slippage_bp,limit_fill_frac,max_participation,delist_recovery,cagr,ann_vol,sharpe,max_drawdown,fees,slippage_impact,annual_one_way_turnover,fills,delistings,peak_rss_mb
cost_0,"mom_12_1,rev_20,lowvol_60,low_turn_20,amihud_20,size",50,20,0.95,260,0.5,0.05,5.0,0.0,0.1,1.0,0.16823652521249421,0.26612582419651476,0.7303452513010666,-0.6621182615598166,1025792.0908424957,689077.1576229976,6.474613020791074,16788,5,468.12109375
cost_1,"mom_12_1,rev_20,lowvol_60,low_turn_20,amihud_20,size",50,20,0.95,260,0.5,0.1,5.0,0.0,0.1,1.0,0.16758177314692224,0.2661460674018205,0.7281700579733329,-0.6624948115280482,1019636.620918337,763347.8523069987,6.477277065981477,16785,5,468.12109375
cost_2,"mom_12_1,rev_20,lowvol_60,low_turn_20,amihud_20,size",50,20,0.95,260,0.5,0.2,5.0,0.0,0.1,1.0,0.16650874462094434,0.2661543416357088,0.7246430823790974,-0.6629099362210379,1009504.5241711945,909816.6470429979,6.481191869715032,16781,5,468.12109375
cost_3,"mom_12_1,rev_20,lowvol_60,low_turn_20,amihud_20,size",50,20,0.95,260,0.5,0.4,5.0,0.0,0.1,1.0,0.16450579064548698,0.26620822869011235,0.7179891419119085,-0.663965884326513,990926.0949882935,1190096.4373030006,6.488869673311561,16757,5,468.12109375
cost_4,"mom_12_1,rev_20,lowvol_60,low_turn_20,amihud_20,size",50,20,0.95,260,1.0,0.05,5.0,0.0,0.1,1.0,0.1557195783727925,0.26624615744795077,0.6890075355718301,-0.6680607270479877,1808421.9352116538,1189261.3999219981,6.512216052022343,16684,5,468.12109375
cost_5,"mom_12_1,rev_20,lowvol_60,low_turn_20,amihud_20,size",50,20,0.95,260,1.0,0.1,5.0,0.0,0.1,1.0,0.15473143828877745,0.2662678149345102,0.6857078945311322,-0.6686677222022527,1791936.6724032604,1304475.4642359985,6.516852363171746,16695,5,468.12109375
cost_6,"mom_12_1,rev_20,lowvol_60,low_turn_20,amihud_20,size",50,20,0.95,260,1.0,0.2,5.0,0.0,0.1,1.0,0.15249264388900907,0.26629345524252523,0.6782606584701507,-0.6702762219786651,1752727.2806721337,1516787.0850969998,6.523659876042475,16654,5,468.12109375
cost_7,"mom_12_1,rev_20,lowvol_60,low_turn_20,amihud_20,size",50,20,0.95,260,1.0,0.4,5.0,0.0,0.1,1.0,0.14871172810456956,0.2663069601293414,0.6656952673374351,-0.6718424339546758,1691559.9898610944,1914510.2847959988,6.538856935506177,16622,5,468.12109375
cost_8,"mom_12_1,rev_20,lowvol_60,low_turn_20,amihud_20,size",50,20,0.95,260,1.5,0.05,5.0,0.0,0.1,1.0,0.1435680126062464,0.26638807056653474,0.6484478709692194,-0.6739676855572803,2402341.7665579007,1546872.1923999996,6.550544437234095,16566,5,480.01953125
cost_9,"mom_12_1,rev_20,lowvol_60,low_turn_20,amihud_20,size",50,20,0.95,260,1.5,0.1,5.0,0.0,0.1,1.0,0.1420948783495335,0.26642393255770264,0.6434798219607772,-0.6745566221899587,2369426.1020020125,1678071.5674740004,6.5565112953267715,16532,5,480.01953125
cost_10,"mom_12_1,rev_20,lowvol_60,low_turn_20,amihud_20,size",50,20,0.95,260,1.5,0.2,5.0,0.0,0.1,1.0,0.1391268829031702,0.2664734979383277,0.6334857076131843,-0.6761175787383779,2302754.379211865,1918577.630970999,6.567779836725306,16513,5,480.01953125
cost_11,"mom_12_1,rev_20,lowvol_60,low_turn_20,amihud_20,size",50,20,0.95,260,1.5,0.4,5.0,0.0,0.1,1.0,0.1338640515670022,0.2664842354379302,0.615805194793547,-0.6785901338546121,2192119.3384493575,2350135.296366,6.587835384278771,16465,5,480.01953125
cost_12,"mom_12_1,rev_20,lowvol_60,low_turn_20,amihud_20,size",50,20,0.95,260,2.0,0.05,5.0,0.0,0.1,1.0,0.13132119868619085,0.26656958213204973,0.6071345267420375,-0.6793768708422296,2837675.6248938856,1787813.7545299989,6.589490279256776,16430,5,480.01953125
cost_13,"mom_12_1,rev_20,lowvol_60,low_turn_20,amihud_20,size",50,20,0.95,260,2.0,0.1,5.0,0.0,0.1,1.0,0.12945470807147497,0.26661941568603387,0.6007768943053321,-0.6806592696627056,2791364.2618961046,1922554.688574999,6.59746182414439,16429,5,480.01953125
cost_14,"mom_12_1,rev_20,lowvol_60,low_turn_20,amihud_20,size",50,20,0.95,260,2.0,0.2,5.0,0.0,0.1,1.0,0.12627119935755693,0.26667765810785393,0.5899451296254963,-0.6824823617815978,2707897.53922975,2175144.890891,6.610005606753383,16398,5,480.01953125
cost_15,"mom_12_1,rev_20,lowvol_60,low_turn_20,amihud_20,size",50,20,0.95,260,2.0,0.4,5.0,0.0,0.1,1.0,0.11938603973302886,0.2667730597838761,0.5664694100216326,-0.6861782938330994,2540414.1070640692,2585119.3369589997,6.636327921072083,16301,5,480.01953125
cost_16,"mom_12_1,rev_20,lowvol_60,low_turn_20,amihud_20,size",50,20,0.95,260,3.0,0.05,5.0,0.0,0.1,1.0,0.10783990082648409,0.2670340378496646,0.5267159534755318,-0.6913345220782706,3401563.5567883267,2051412.7436280006,6.6678132812366115,16133,5,474.88671875
cost_17,"mom_12_1,rev_20,lowvol_60,low_turn_20,amihud_20,size",50,20,0.95,260,3.0,0.1,5.0,0.0,0.1,1.0,0.10552150116561321,0.26704159225112456,0.5187345983965542,-0.6925468149139227,3328781.701525571,2173511.336355,6.676375380920718,16097,5,474.88671875
cost_18,"mom_12_1,rev_20,lowvol_60,low_turn_20,amihud_20,size",50,20,0.95,260,3.0,0.2,5.0,0.0,0.1,1.0,0.10111555820161611,0.2671193259185601,0.5034692071216282,-0.6950865725170887,3194219.873622671,2392533.1175999995,6.691918091875657,16002,5,474.88671875
cost_19,"mom_12_1,rev_20,lowvol_60,low_turn_20,amihud_20,size",50,20,0.95,260,3.0,0.4,5.0,0.0,0.1,1.0,0.09258375011223419,0.26734392939710083,0.47370485500211407,-0.7000458911035214,2954034.818486349,2737238.7796019996,6.726976721921316,15913,5,474.88671875
cost_20,"mom_12_1,rev_20,lowvol_60,low_turn_20,amihud_20,size",50,20,0.95,260,5.0,0.05,5.0,0.0,0.1,1.0,0.0617515442746992,0.26803890969342753,0.36465884176593044,-0.7128572167473324,3692003.946491952,2032713.1339009996,6.817972121130166,15388,5,474.88671875
cost_21,"mom_12_1,rev_20,lowvol_60,low_turn_20,amihud_20,size",50,20,0.95,260,5.0,0.1,5.0,0.0,0.1,1.0,0.058895079816341234,0.2682369562588176,0.35438405071002654,-0.7145215423225963,3600018.805452594,2115181.1905239993,6.829921255524999,15349,5,474.88671875
cost_22,"mom_12_1,rev_20,lowvol_60,low_turn_20,amihud_20,size",50,20,0.95,260,5.0,0.2,5.0,0.0,0.1,1.0,0.05306410750168444,0.2684130220171613,0.3334300112214278,-0.7176382857271006,3415571.0709570856,2247068.3330379995,6.850736125180541,15197,5,474.88671875
cost_23,"mom_12_1,rev_20,lowvol_60,low_turn_20,amihud_20,size",50,20,0.95,260,5.0,0.4,5.0,0.0,0.1,1.0,0.04235462021446024,0.2685873339427344,0.2947217887516488,-0.7244772811803988,3089730.6694687107,2427486.0747609995,6.885892224952928,14998,5,474.88671875
