label,n,lookback,every,gross,cost_multiplier,impact_coef,slippage_bp,limit_fill_frac,max_participation,delist_recovery,cagr,ann_vol,sharpe,max_drawdown,fees,slippage_impact,annual_one_way_turnover,fills,delistings,peak_rss_mb
matching_0,30,60,20,0.95,1.0,0.1,5.0,0.0,0.02,1.0,0.08015485723221416,0.1942719597168737,0.5025562903780626,-0.6209538435316762,516726.4860962325,280894.7097240009,3.8447100059304664,6725,4,380.796875
matching_1,30,60,20,0.95,1.0,0.1,5.0,0.0,0.05,1.0,0.08038420053671036,0.19410385904764635,0.5039325234250263,-0.6183527153875887,518908.6288097225,282220.1688260004,3.8451093870710005,6753,4,380.796875
matching_2,30,60,20,0.95,1.0,0.1,5.0,0.0,0.1,1.0,0.08084848175251502,0.19392290625248645,0.5064690596355877,-0.616359611853657,521441.760991999,284003.3152020004,3.843758009143547,6761,4,380.796875
matching_3,30,60,20,0.95,1.0,0.1,5.0,0.0,0.2,1.0,0.0816935555077023,0.19366934011972844,0.510976418061546,-0.6117639210849684,527102.0349800804,287843.1307510002,3.840985075615268,6780,4,380.796875
matching_4,30,60,20,0.95,1.0,0.1,5.0,0.25,0.02,1.0,0.08014657283798932,0.19439000556812044,0.5023323754065047,-0.6215665879952363,516804.1377444112,280679.24876400095,3.8464147837400837,6740,4,380.796875
matching_5,30,60,20,0.95,1.0,0.1,5.0,0.25,0.05,1.0,0.08054451477569757,0.1942061387726805,0.5045482579148186,-0.6186797085703986,519632.2702628602,282514.96641800064,3.846223358914579,6763,4,380.796875
matching_6,30,60,20,0.95,1.0,0.1,5.0,0.25,0.1,1.0,0.08093773559145645,0.1940208038094947,0.506746936368705,-0.6162872970477662,521894.979503199,284169.1744330005,3.844308944779105,6748,4,380.796875
matching_7,30,60,20,0.95,1.0,0.1,5.0,0.25,0.2,1.0,0.08178892708037311,0.1937802577766988,0.5112603156706327,-0.6116874314573167,527692.1700539794,288049.38688300014,3.842208641697667,6782,4,380.796875
matching_8,30,60,20,0.95,1.0,0.1,5.0,0.5,0.02,1.0,0.08024071706693325,0.19450006007085774,0.502616398969884,-0.6215856872930907,517400.3344386247,280896.8384630005,3.8473364322102706,6732,4,364.93359375
matching_9,30,60,20,0.95,1.0,0.1,5.0,0.5,0.05,1.0,0.08064258485268128,0.19432269268268698,0.5048401928761078,-0.6185952217266952,520318.2041009584,282793.9239310007,3.8474029416145457,6762,4,364.93359375
matching_10,30,60,20,0.95,1.0,0.1,5.0,0.5,0.1,1.0,0.0810236996186029,0.19413838897858934,0.5069771018861312,-0.6161639180111423,522655.8701977728,284399.7085950003,3.846260911548414,6773,4,364.93359375
matching_11,30,60,20,0.95,1.0,0.1,5.0,0.5,0.2,1.0,0.08181663629761315,0.1939043500709869,0.5111949866714205,-0.611932779621214,527944.1901587074,288051.7643390001,3.843341393725257,6762,4,364.93359375
